Match Type,POTM,Venue,Team1,Team2,Toss_Winner,Toss_Decision,Winner,Win_Margin,Result_Type,Target_Runs,Match,Season
League,Harshal Patel, Chennai,Mumbai Indians,Royal Challengers Bangalore,Royal Challengers Bangalore,Field_First,Royal Challengers Bangalore,2 Wickets,Wickets,160,1,2021
League,Shikhar Dhawan, Wankhede,Chennai Super Kings,Delhi Capitals,Delhi Capitals,Field_First,Delhi Capitals,7 Wickets,Wickets,189,2,2021
League,Nitish Rana, Chennai,Kolkata Knight Riders,Sunrisers Hyderabad,Sunrisers Hyderabad,Field_First,Kolkata Knight Riders,10 Runs,Runs,188,3,2021
League,Sanju Samson, Wankhede,Punjab Kings,Rajasthan Royals,Rajasthan Royals,Field_First,Punjab Kings,4 Runs,Runs,222,4,2021
League,Rahul Chahar, Chennai,Mumbai Indians,Kolkata Knight Riders,Kolkata Knight Riders,Field_First,Mumbai Indians,10 Runs,Runs,153,5,2021
League,Glenn Maxwell, Chennai,Royal Challengers Bangalore,Sunrisers Hyderabad,Sunrisers Hyderabad,Field_First,Royal Challengers Bangalore,6 Runs,Runs,150,6,2021
League,Jaydev Unadkat, Wankhede,Delhi Capitals,Rajasthan Royals,Rajasthan Royals,Field_First,Rajasthan Royals,3 Wickets,Wickets,148,7,2021
League,Deepak Chahar, Wankhede,Punjab Kings,Chennai Super Kings,Chennai Super Kings,Field_First,Chennai Super Kings,6 Wickets,Wickets,107,8,2021
League,Kieron Pollard, Chennai,Mumbai Indians,Sunrisers Hyderabad,Mumbai Indians,Bat_First,Mumbai Indians,13 Runs,Runs,151,9,2021
League,AB de Villiers, Chennai,Royal Challengers Bangalore,Kolkata Knight Riders,Royal Challengers Bangalore,Bat_First,Royal Challengers Bangalore,38 Runs,Runs,205,10,2021
League,Shikhar Dhawan, Wankhede,Punjab Kings,Delhi Capitals,Delhi Capitals,Field_First,Delhi Capitals,6 Wickets,Wickets,196,11,2021
League,Moeen Ali, Wankhede,Chennai Super Kings,Rajasthan Royals,Rajasthan Royals,Field_First,Chennai Super Kings,45 Runs,Runs,189,12,2021
League,Amit Mishra, Chennai,Mumbai Indians,Delhi Capitals,Mumbai Indians,Bat_First,Delhi Capitals,6 Wickets,Wickets,138,13,2021
League,Jonny Bairstow, Chennai,Punjab Kings,Sunrisers Hyderabad,Punjab Kings,Bat_First,Sunrisers Hyderabad,9 Wickets,Wickets,121,14,2021
League,Faf du Plessis, Wankhede,Chennai Super Kings,Kolkata Knight Riders,Kolkata Knight Riders,Field_First,Chennai Super Kings,18 Runs,Runs,221,15,2021
League,Devdutt Padikkal, Wankhede,Rajasthan Royals,Royal Challengers Bangalore,Royal Challengers Bangalore,Field_First,Royal Challengers Bangalore,10 Wickets,Wickets,178,16,2021
League,KL Rahul, Chennai,Mumbai Indians,Punjab Kings,Punjab Kings,Field_First,Punjab Kings,9 Wickets,Wickets,132,17,2021
League,Chris Morris, Wankhede,Kolkata Knight Riders,Rajasthan Royals,Rajasthan Royals,Field_First,Rajasthan Royals,6 Wickets,Wickets,134,18,2021
League,Ravindra Jadeja, Wankhede,Chennai Super Kings,Royal Challengers Bangalore,Chennai Super Kings,Bat_First,Chennai Super Kings,69 Runs,Runs,192,19,2021
League,Prithvi Shaw, Chennai,Delhi Capitals,Sunrisers Hyderabad,Delhi Capitals,Bat_First,Chennai Super Kings,0,Draw,160,20,2021
League,Eoin Morgan, Ahmedabad,Punjab Kings,Kolkata Knight Riders,Kolkata Knight Riders,Field_First,Kolkata Knight Riders,5 Wickets,Wickets,124,21,2021
League,AB de Villiers, Ahmedabad,Royal Challengers Bangalore,Delhi Capitals,Delhi Capitals,Field_First,Royal Challengers Bangalore,1 Runs,Runs,172,22,2021
League,Ruturaj Gaikwad, Delhi,Sunrisers Hyderabad,Chennai Super Kings,Sunrisers Hyderabad,Bat_First,Chennai Super Kings,7 Wickets,Wickets,172,23,2021
League,Quinton de Kock, Delhi,Rajasthan Royals,Mumbai Indians,Mumbai Indians,Field_First,Mumbai Indians,7 Wickets,Wickets,172,24,2021
League,Prithvi Shaw, Ahmedabad,Kolkata Knight Riders,Delhi Capitals,Delhi Capitals,Field_First,Delhi Capitals,7 Wickets,Wickets,155,25,2021
League,Harpreet Brar, Ahmedabad,Punjab Kings,Royal Challengers Bangalore,Royal Challengers Bangalore,Field_First,Punjab Kings,34 Runs,Runs,180,26,2021
League,Kieron Pollard, Delhi,Chennai Super Kings,Mumbai Indians,Mumbai Indians,Field_First,Mumbai Indians,4 Wickets,Wickets,219,27,2021
League,Jos Buttler, Delhi,Rajasthan Royals,Sunrisers Hyderabad,Sunrisers Hyderabad,Field_First,Rajasthan Royals,55 Runs,Runs,221,28,2021
League,Mayank Agarawal, Ahmedabad,Punjab Kings,Delhi Capitals,Delhi Capitals,Field_First,Delhi Capitals,7 Wickets,Wickets,167,29,2021
League,Ruturaj Gaikwad, Dubai (DICS),Chennai Super Kings,Mumbai Indians,Chennai Super Kings,Bat_First,Chennai Super Kings,20 Runs,Runs,157,30,2021
League,Varun Chakravarthy, Abu Dhabi,Royal Challengers Bangalore,Kolkata Knight Riders,Royal Challengers Bangalore,Bat_First,Kolkata Knight Riders,9 Wickets,Wickets,93,31,2021
League,Kartik Tyagi, Dubai (DICS),Rajasthan Royals,Punjab Kings,Punjab Kings,Field_First,Rajasthan Royals,2 Runs,Runs,186,32,2021
League,Anrich Nortje, Dubai (DICS),Sunrisers Hyderabad,Delhi Capitals,Sunrisers Hyderabad,Bat_First,Delhi Capitals,8 Wickets,Wickets,135,33,2021
League,Sunil Narine, Abu Dhabi,Mumbai Indians,Kolkata Knight Riders,Kolkata Knight Riders,Field_First,Kolkata Knight Riders,7 Wickets,Wickets,156,34,2021
League,Dwayne Bravo, Sharjah,Royal Challengers Bangalore,Chennai Super Kings,Chennai Super Kings,Field_First,Chennai Super Kings,6 Wickets,Wickets,157,35,2021
League,Shreyas Iyer, Abu Dhabi,Delhi Capitals,Rajasthan Royals,Rajasthan Royals,Field_First,Delhi Capitals,33 Runs,Runs,155,36,2021
League,Jason Holder, Sharjah,Punjab Kings,Sunrisers Hyderabad,Sunrisers Hyderabad,Field_First,Punjab Kings,5 Runs,Runs,126,37,2021
League,Ravindra Jadeja, Abu Dhabi,Kolkata Knight Riders,Chennai Super Kings,Kolkata Knight Riders,Bat_First,Chennai Super Kings,2 Wickets,Wickets,172,38,2021
League,Glenn Maxwell, Dubai (DICS),Royal Challengers Bangalore,Mumbai Indians,Mumbai Indians,Field_First,Royal Challengers Bangalore,54 Runs,Runs,166,39,2021
League,Jason Roy, Dubai (DICS),Rajasthan Royals,Sunrisers Hyderabad,Rajasthan Royals,Bat_First,Sunrisers Hyderabad,7 Wickets,Wickets,165,40,2021
League,Sunil Narine, Sharjah,Delhi Capitals,Kolkata Knight Riders,Kolkata Knight Riders,Field_First,Kolkata Knight Riders,3 Wickets,Wickets,128,41,2021
League,Kieron Pollard, Abu Dhabi,Punjab Kings,Mumbai Indians,Mumbai Indians,Field_First,Mumbai Indians,6 Wickets,Wickets,136,42,2021
League,Yuzvendra Chahal, Dubai (DICS),Rajasthan Royals,Royal Challengers Bangalore,Royal Challengers Bangalore,Field_First,Royal Challengers Bangalore,7 Wickets,Wickets,150,43,2021
League,Josh Hazlewood, Sharjah,Sunrisers Hyderabad,Chennai Super Kings,Chennai Super Kings,Field_First,Chennai Super Kings,6 Wickets,Wickets,135,44,2021
League,KL Rahul, Dubai (DICS),Kolkata Knight Riders,Punjab Kings,Punjab Kings,Field_First,Punjab Kings,5 Wickets,Wickets,166,45,2021
League,Axar Patel, Sharjah,Mumbai Indians,Delhi Capitals,Delhi Capitals,Field_First,Delhi Capitals,4 Wickets,Wickets,130,46,2021
League,Ruturaj Gaikwad, Abu Dhabi,Chennai Super Kings,Rajasthan Royals,Rajasthan Royals,Field_First,Rajasthan Royals,7 Wickets,Wickets,190,47,2021
League,Glenn Maxwell, Sharjah,Royal Challengers Bangalore,Punjab Kings,Royal Challengers Bangalore,Bat_First,Royal Challengers Bangalore,6 Runs,Runs,165,48,2021
League,Shubman Gill, Dubai (DICS),Sunrisers Hyderabad,Kolkata Knight Riders,Sunrisers Hyderabad,Bat_First,Kolkata Knight Riders,6 Wickets,Wickets,116,49,2021
League,Axar Patel, Dubai (DICS),Chennai Super Kings,Delhi Capitals,Delhi Capitals,Field_First,Delhi Capitals,3 Wickets,Wickets,137,50,2021
League,Nathan Coulter-Nile, Sharjah,Rajasthan Royals,Mumbai Indians,Mumbai Indians,Field_First,Mumbai Indians,8 Wickets,Wickets,91,51,2021
League,Kane Williamson, Abu Dhabi,Sunrisers Hyderabad,Royal Challengers Bangalore,Royal Challengers Bangalore,Field_First,Sunrisers Hyderabad,4 Runs,Runs,142,52,2021
League,KL Rahul, Dubai (DICS),Chennai Super Kings,Punjab Kings,Punjab Kings,Field_First,Punjab Kings,6 Wickets,Wickets,135,53,2021
League,Shivam Mavi, Sharjah,Kolkata Knight Riders,Rajasthan Royals,Rajasthan Royals,Field_First,Kolkata Knight Riders,86 Runs,Runs,172,54,2021
League,Ishan Kishan, Abu Dhabi,Mumbai Indians,Sunrisers Hyderabad,Mumbai Indians,Bat_First,Mumbai Indians,42 Runs,Runs,236,55,2021
League,Srikar Bharat, Dubai (DICS),Delhi Capitals,Royal Challengers Bangalore,Royal Challengers Bangalore,Field_First,Royal Challengers Bangalore,7 Wickets,Wickets,165,56,2021
Qualifier 1,Ruturaj Gaikwad, Dubai (DICS),Delhi Capitals,Chennai Super Kings,Chennai Super Kings,Field_First,Chennai Super Kings,4 Wickets,Wickets,173,57,2021
Eliminator,Sunil Narine, Sharjah,Royal Challengers Bangalore,Kolkata Knight Riders,Royal Challengers Bangalore,Bat_First,Kolkata Knight Riders,4 Wickets,Wickets,139,58,2021
Qualifier 2,Venkatesh Iyer, Sharjah,Delhi Capitals,Kolkata Knight Riders,Kolkata Knight Riders,Field_First,Kolkata Knight Riders,3 Wickets,Wickets,136,59,2021
Final,Faf du Plessis, Dubai (DICS),Chennai Super Kings,Kolkata Knight Riders,Kolkata Knight Riders,Field_First,Chennai Super Kings,27 Runs,Runs,193,60,2021
League,Umesh Yadav, Wankhede,Chennai Super Kings,Kolkata Knight Riders,Kolkata Knight Riders,Field_First,Kolkata Knight Riders,6 Wickets,Wickets,132,1,2022
League,Kuldeep Yadav, Brabourne,Mumbai Indians,Delhi Capitals,Delhi Capitals,Field_First,Delhi Capitals,4 Wickets,Wickets,178,2,2022
League,Odean Smith, DY Patil,Royal Challengers Bangalore,Punjab Kings,Punjab Kings,Field_First,Punjab Kings,5 Wickets,Wickets,206,3,2022
League,Mohammed Shami, Wankhede,Lucknow Super Giants,Gujarat Titans,Gujarat Titans,Field_First,Gujarat Titans,5 Wickets,Wickets,159,4,2022
League,Sanju Samson, Pune,Rajasthan Royals,Sunrisers Hyderabad,Sunrisers Hyderabad,Field_First,Rajasthan Royals,61 Runs,Runs,211,5,2022
League,Wanindu Hasaranga, DY Patil,Kolkata Knight Riders,Royal Challengers Bangalore,Royal Challengers Bangalore,Field_First,Royal Challengers Bangalore,3 Wickets,Wickets,129,6,2022
League,Evin Lewis, Brabourne,Chennai Super Kings,Lucknow Super Giants,Lucknow Super Giants,Field_First,Lucknow Super Giants,6 Wickets,Wickets,211,7,2022
League,Umesh Yadav, Wankhede,Punjab Kings,Kolkata Knight Riders,Kolkata Knight Riders,Field_First,Kolkata Knight Riders,6 Wickets,Wickets,138,8,2022
League,Jos Buttler, DY Patil,Rajasthan Royals,Mumbai Indians,Mumbai Indians,Field_First,Rajasthan Royals,23 Runs,Runs,194,9,2022
League,Lockie Ferguson, Pune,Gujarat Titans,Delhi Capitals,Delhi Capitals,Field_First,Gujarat Titans,14 Runs,Runs,172,10,2022
League,Liam Livingstone, Brabourne,Punjab Kings,Chennai Super Kings,Chennai Super Kings,Field_First,Punjab Kings,54 Runs,Runs,181,11,2022
League,Avesh Khan, DY Patil,Lucknow Super Giants,Sunrisers Hyderabad,Sunrisers Hyderabad,Field_First,Lucknow Super Giants,12 Runs,Runs,170,12,2022
League,Dinesh Karthik, Wankhede,Rajasthan Royals,Royal Challengers Bangalore,Royal Challengers Bangalore,Field_First,Royal Challengers Bangalore,4 Wickets,Wickets,170,13,2022
League,Pat Cummins, Pune,Mumbai Indians,Kolkata Knight Riders,Kolkata Knight Riders,Field_First,Kolkata Knight Riders,5 Wickets,Wickets,162,14,2022
League,Quinton de Kock, DY Patil,Delhi Capitals,Lucknow Super Giants,Lucknow Super Giants,Field_First,Lucknow Super Giants,6 Wickets,Wickets,150,15,2022
League,Shubman Gill, Brabourne,Punjab Kings,Gujarat Titans,Gujarat Titans,Field_First,Gujarat Titans,6 Wickets,Wickets,190,16,2022
League,Abhishek Sharma, DY Patil,Chennai Super Kings,Sunrisers Hyderabad,Sunrisers Hyderabad,Field_First,Sunrisers Hyderabad,8 Wickets,Wickets,155,17,2022
League,Anuj Rawat, Pune,Mumbai Indians,Royal Challengers Bangalore,Royal Challengers Bangalore,Field_First,Royal Challengers Bangalore,7 Wickets,Wickets,152,18,2022
League,Kuldeep Yadav, Brabourne,Delhi Capitals,Kolkata Knight Riders,Kolkata Knight Riders,Field_First,Delhi Capitals,44 Runs,Runs,216,19,2022
League,Yuzvendra Chahal, Wankhede,Rajasthan Royals,Lucknow Super Giants,Lucknow Super Giants,Field_First,Rajasthan Royals,3 Runs,Runs,166,20,2022
League,Kane Williamson, DY Patil,Gujarat Titans,Sunrisers Hyderabad,Sunrisers Hyderabad,Field_First,Sunrisers Hyderabad,8 Wickets,Wickets,163,21,2022
League,Shivam Dube, DY Patil,Chennai Super Kings,Royal Challengers Bangalore,Royal Challengers Bangalore,Field_First,Chennai Super Kings,23 Runs,Runs,217,22,2022
League,Mayank Agarawal, Pune,Punjab Kings,Mumbai Indians,Mumbai Indians,Field_First,Punjab Kings,12 Runs,Runs,199,23,2022
League,Hardik Pandya, DY Patil,Gujarat Titans,Rajasthan Royals,Rajasthan Royals,Field_First,Gujarat Titans,37 Runs,Runs,193,24,2022
League,Rahul Tripathi, Brabourne,Kolkata Knight Riders,Sunrisers Hyderabad,Sunrisers Hyderabad,Field_First,Sunrisers Hyderabad,7 Wickets,Wickets,176,25,2022
League,KL Rahul, Brabourne,Lucknow Super Giants,Mumbai Indians,Mumbai Indians,Field_First,Lucknow Super Giants,18 Runs,Runs,200,26,2022
League,Dinesh Karthik, Wankhede,Royal Challengers Bangalore,Delhi Capitals,Delhi Capitals,Field_First,Royal Challengers Bangalore,16 Runs,Runs,190,27,2022
League,Umran Malik, DY Patil,Punjab Kings,Sunrisers Hyderabad,Sunrisers Hyderabad,Field_First,Sunrisers Hyderabad,7 Wickets,Wickets,152,28,2022
League,David Miller, Pune,Chennai Super Kings,Gujarat Titans,Gujarat Titans,Field_First,Gujarat Titans,3 Wickets,Wickets,170,29,2022
League,Yuzvendra Chahal, Brabourne,Rajasthan Royals,Kolkata Knight Riders,Kolkata Knight Riders,Field_First,Rajasthan Royals,7 Runs,Runs,218,30,2022
League,Faf du Plessis, DY Patil,Royal Challengers Bangalore,Lucknow Super Giants,Lucknow Super Giants,Field_First,Royal Challengers Bangalore,18 Runs,Runs,182,31,2022
League,Kuldeep Yadav, Brabourne,Punjab Kings,Delhi Capitals,Delhi Capitals,Field_First,Delhi Capitals,9 Wickets,Wickets,116,32,2022
League,Mukesh Choudhary, DY Patil,Mumbai Indians,Chennai Super Kings,Chennai Super Kings,Field_First,Chennai Super Kings,3 Wickets,Wickets,156,33,2022
League,Jos Buttler, Wankhede,Rajasthan Royals,Delhi Capitals,Delhi Capitals,Field_First,Rajasthan Royals,15 Runs,Runs,223,34,2022
League,Rashid Khan, DY Patil,Gujarat Titans,Kolkata Knight Riders,Gujarat Titans,Bat_First,Gujarat Titans,8 Runs,Runs,157,35,2022
League,Marco Jansen, Brabourne,Royal Challengers Bangalore,Sunrisers Hyderabad,Sunrisers Hyderabad,Field_First,Sunrisers Hyderabad,9 Wickets,Wickets,69,36,2022
League,KL Rahul, Wankhede,Lucknow Super Giants,Mumbai Indians,Mumbai Indians,Field_First,Lucknow Super Giants,36 Runs,Runs,169,37,2022
League,Shikhar Dhawan, Wankhede,Punjab Kings,Chennai Super Kings,Chennai Super Kings,Field_First,Punjab Kings,11 Runs,Runs,188,38,2022
League,Riyan Parag, Pune,Rajasthan Royals,Royal Challengers Bangalore,Royal Challengers Bangalore,Field_First,Rajasthan Royals,29 Runs,Runs,145,39,2022
League,Umran Malik, Wankhede,Sunrisers Hyderabad,Gujarat Titans,Gujarat Titans,Field_First,Gujarat Titans,5 Wickets,Wickets,196,40,2022
League,Kuldeep Yadav, Wankhede,Kolkata Knight Riders,Delhi Capitals,Delhi Capitals,Field_First,Delhi Capitals,4 Wickets,Wickets,147,41,2022
League,Krunal Pandya, Pune,Lucknow Super Giants,Punjab Kings,Punjab Kings,Field_First,Lucknow Super Giants,20 Runs,Runs,154,42,2022
League,Rahul Tewatia, Brabourne,Royal Challengers Bangalore,Gujarat Titans,Royal Challengers Bangalore,Bat_First,Gujarat Titans,6 Wickets,Wickets,171,43,2022
League,Suryakumar Yadav, DY Patil,Rajasthan Royals,Mumbai Indians,Mumbai Indians,Field_First,Mumbai Indians,5 Wickets,Wickets,159,44,2022
League,Mohsin Khan, Wankhede,Lucknow Super Giants,Delhi Capitals,Lucknow Super Giants,Bat_First,Lucknow Super Giants,6 Runs,Runs,196,45,2022
League,Ruturaj Gaikwad, Pune,Chennai Super Kings,Sunrisers Hyderabad,Sunrisers Hyderabad,Field_First,Chennai Super Kings,13 Runs,Runs,203,46,2022
League,Rinku Singh, Wankhede,Rajasthan Royals,Kolkata Knight Riders,Kolkata Knight Riders,Field_First,Kolkata Knight Riders,7 Wickets,Wickets,153,47,2022
League,Kagiso Rabada, DY Patil,Gujarat Titans,Punjab Kings,Gujarat Titans,Bat_First,Punjab Kings,8 Wickets,Wickets,144,48,2022
League,Harshal Patel, Pune,Royal Challengers Bangalore,Chennai Super Kings,Chennai Super Kings,Field_First,Royal Challengers Bangalore,13 Runs,Runs,174,49,2022
League,David Warner, Brabourne,Delhi Capitals,Sunrisers Hyderabad,Sunrisers Hyderabad,Field_First,Delhi Capitals,21 Runs,Runs,208,50,2022
League,Tim David, Brabourne,Mumbai Indians,Gujarat Titans,Gujarat Titans,Field_First,Mumbai Indians,5 Runs,Runs,178,51,2022
League,Yashasvi Jaiswal, Wankhede,Punjab Kings,Rajasthan Royals,Punjab Kings,Bat_First,Rajasthan Royals,6 Wickets,Wickets,190,52,2022
League,Avesh Khan, Pune,Lucknow Super Giants,Kolkata Knight Riders,Kolkata Knight Riders,Field_First,Lucknow Super Giants,75 Runs,Runs,177,53,2022
League,Wanindu Hasaranga, Wankhede,Royal Challengers Bangalore,Sunrisers Hyderabad,Royal Challengers Bangalore,Bat_First,Royal Challengers Bangalore,67 Runs,Runs,193,54,2022
League,Devon Conway, DY Patil,Chennai Super Kings,Delhi Capitals,Delhi Capitals,Field_First,Chennai Super Kings,91 Runs,Runs,209,55,2022
League,Jasprit Bumrah, DY Patil,Kolkata Knight Riders,Mumbai Indians,Mumbai Indians,Field_First,Kolkata Knight Riders,52 Runs,Runs,166,56,2022
League,Shubman Gill, Pune,Gujarat Titans,Lucknow Super Giants,Gujarat Titans,Bat_First,Gujarat Titans,62 Runs,Runs,145,57,2022
League,Mitchell Marsh, DY Patil,Rajasthan Royals,Delhi Capitals,Delhi Capitals,Field_First,Delhi Capitals,8 Wickets,Wickets,161,58,2022
League,Daniel Sams, Wankhede,Chennai Super Kings,Mumbai Indians,Mumbai Indians,Field_First,Mumbai Indians,5 Wickets,Wickets,98,59,2022
League,Jonny Bairstow, Brabourne,Punjab Kings,Royal Challengers Bangalore,Royal Challengers Bangalore,Field_First,Punjab Kings,54 Runs,Runs,210,60,2022
League,Andre Russell, Pune,Kolkata Knight Riders,Sunrisers Hyderabad,Kolkata Knight Riders,Bat_First,Kolkata Knight Riders,54 Runs,Runs,178,61,2022
League,Wriddhiman Saha, Wankhede,Chennai Super Kings,Gujarat Titans,Chennai Super Kings,Bat_First,Gujarat Titans,7 Wickets,Wickets,134,62,2022
League,Trent Boult, Brabourne,Rajasthan Royals,Lucknow Super Giants,Rajasthan Royals,Bat_First,Rajasthan Royals,24 Runs,Runs,179,63,2022
League,Shardul Thakur, DY Patil,Delhi Capitals,Punjab Kings,Punjab Kings,Field_First,Delhi Capitals,17 Runs,Runs,160,64,2022
League,Rahul Tripathi, Wankhede,Sunrisers Hyderabad,Mumbai Indians,Mumbai Indians,Field_First,Sunrisers Hyderabad,3 Runs,Runs,194,65,2022
League,Quinton de Kock, DY Patil,Lucknow Super Giants,Kolkata Knight Riders,Lucknow Super Giants,Bat_First,Lucknow Super Giants,2 Runs,Runs,211,66,2022
League,Virat Kohli, Wankhede,Gujarat Titans,Royal Challengers Bangalore,Gujarat Titans,Bat_First,Royal Challengers Bangalore,8 Wickets,Wickets,169,67,2022
League,Ravichandran Ashwin, Brabourne,Chennai Super Kings,Rajasthan Royals,Chennai Super Kings,Bat_First,Rajasthan Royals,5 Wickets,Wickets,151,68,2022
League,Jasprit Bumrah, Wankhede,Delhi Capitals,Mumbai Indians,Mumbai Indians,Field_First,Mumbai Indians,5 Wickets,Wickets,160,69,2022
League,Harpreet Brar, Wankhede,Sunrisers Hyderabad,Punjab Kings,Sunrisers Hyderabad,Bat_First,Punjab Kings,5 Wickets,Wickets,158,70,2022
Qualifier 1,David Miller, Eden Gardens,Rajasthan Royals,Gujarat Titans,Gujarat Titans,Field_First,Gujarat Titans,7 Wickets,Wickets,189,71,2022
Eliminator,Rajat Patidar, Eden Gardens,Royal Challengers Bangalore,Lucknow Super Giants,Lucknow Super Giants,Field_First,Royal Challengers Bangalore,14 Runs,Runs,208,72,2022
Qualifier 2,Jos Buttler, Ahmedabad,Royal Challengers Bangalore,Rajasthan Royals,Rajasthan Royals,Field_First,Rajasthan Royals,7 Wickets,Wickets,158,73,2022
Final,Hardik Pandya, Ahmedabad,Rajasthan Royals,Gujarat Titans,Rajasthan Royals,Bat_First,Gujarat Titans,7 Wickets,Wickets,131,74,2022
League,Rashid Khan, Ahmedabad,Chennai Super Kings,Gujarat Titans,Gujarat Titans,Field_First,Gujarat Titans,5 Wickets,Wickets,179,1,2023
League,Arshdeep Singh, Mohali,Punjab Kings,Kolkata Knight Riders,Kolkata Knight Riders,Field_First,Punjab Kings,45 Runs,Runs,192,2,2023
League,Mark Wood, Lucknow,Lucknow Super Giants,Delhi Capitals,Delhi Capitals,Field_First,Lucknow Super Giants,50 Runs,Runs,194,3,2023
League,Jos Buttler, Hyderabad,Rajasthan Royals,Sunrisers Hyderabad,Sunrisers Hyderabad,Field_First,Rajasthan Royals,72 Runs,Runs,204,4,2023
League,Faf du Plessis, Bengaluru,Mumbai Indians,Royal Challengers Bangalore,Royal Challengers Bangalore,Field_First,Royal Challengers Bangalore,8 Wickets,Wickets,172,5,2023
League,Moeen Ali, Chennai,Chennai Super Kings,Lucknow Super Giants,Lucknow Super Giants,Field_First,Chennai Super Kings,12 Runs,Runs,218,6,2023
League,Sai Sudharsan, Delhi,Delhi Capitals,Gujarat Titans,Gujarat Titans,Field_First,Gujarat Titans,6 Wickets,Wickets,163,7,2023
League,Nathan Ellis, Guwahati,Punjab Kings,Rajasthan Royals,Rajasthan Royals,Field_First,Punjab Kings,5 Runs,Runs,198,8,2023
League,Shardul Thakur, Eden Gardens,Kolkata Knight Riders,Royal Challengers Bangalore,Royal Challengers Bangalore,Field_First,Kolkata Knight Riders,81 Runs,Runs,205,9,2023
League,Krunal Pandya, Lucknow,Sunrisers Hyderabad,Lucknow Super Giants,Sunrisers Hyderabad,Bat_First,Lucknow Super Giants,5 Wickets,Wickets,122,10,2023
League,Yashasvi Jaiswal, Guwahati,Rajasthan Royals,Delhi Capitals,Delhi Capitals,Field_First,Rajasthan Royals,57 Runs,Runs,200,11,2023
League,Ravindra Jadeja, Wankhede,Mumbai Indians,Chennai Super Kings,Chennai Super Kings,Field_First,Chennai Super Kings,7 Wickets,Wickets,158,12,2023
League,Rinku Singh, Ahmedabad,Gujarat Titans,Kolkata Knight Riders,Gujarat Titans,Bat_First,Kolkata Knight Riders,3 Wickets,Wickets,205,13,2023
League,Shikhar Dhawan, Hyderabad,Punjab Kings,Sunrisers Hyderabad,Sunrisers Hyderabad,Field_First,Sunrisers Hyderabad,8 Wickets,Wickets,144,14,2023
League,Nicholas Pooran, Bengaluru,Royal Challengers Bangalore,Lucknow Super Giants,Lucknow Super Giants,Field_First,Lucknow Super Giants,1 Wickets,Wickets,213,15,2023
League,Rohit Sharma, Delhi,Delhi Capitals,Mumbai Indians,Mumbai Indians,Field_First,Mumbai Indians,6 Wickets,Wickets,173,16,2023
League,Ravichandran Ashwin, Chennai,Rajasthan Royals,Chennai Super Kings,Chennai Super Kings,Field_First,Rajasthan Royals,3 Runs,Runs,176,17,2023
League,Mohit Sharma, Mohali,Punjab Kings,Gujarat Titans,Gujarat Titans,Field_First,Gujarat Titans,6 Wickets,Wickets,154,18,2023
League,Harry Brook, Eden Gardens,Sunrisers Hyderabad,Kolkata Knight Riders,Kolkata Knight Riders,Field_First,Sunrisers Hyderabad,23 Runs,Runs,229,19,2023
League,Virat Kohli, Bengaluru,Royal Challengers Bangalore,Delhi Capitals,Delhi Capitals,Field_First,Royal Challengers Bangalore,23 Runs,Runs,175,20,2023
League,Sikandar Raza, Lucknow,Lucknow Super Giants,Punjab Kings,Punjab Kings,Field_First,Punjab Kings,2 Wickets,Wickets,160,21,2023
League,Venkatesh Iyer, Wankhede,Kolkata Knight Riders,Mumbai Indians,Mumbai Indians,Field_First,Mumbai Indians,5 Wickets,Wickets,186,22,2023
League,Shimron Hetmyer, Ahmedabad,Gujarat Titans,Rajasthan Royals,Rajasthan Royals,Field_First,Rajasthan Royals,3 Wickets,Wickets,178,23,2023
League,Devon Conway, Bengaluru,Chennai Super Kings,Royal Challengers Bangalore,Royal Challengers Bangalore,Field_First,Chennai Super Kings,8 Runs,Runs,227,24,2023
League,Cameron Green, Hyderabad,Mumbai Indians,Sunrisers Hyderabad,Sunrisers Hyderabad,Field_First,Mumbai Indians,14 Runs,Runs,193,25,2023
League,Marcus Stoinis, Jaipur,Lucknow Super Giants,Rajasthan Royals,Rajasthan Royals,Field_First,Lucknow Super Giants,10 Runs,Runs,155,26,2023
League,Mohammed Siraj, Mohali,Royal Challengers Bangalore,Punjab Kings,Punjab Kings,Field_First,Royal Challengers Bangalore,24 Runs,Runs,175,27,2023
League,Ishant Sharma, Delhi,Kolkata Knight Riders,Delhi Capitals,Delhi Capitals,Field_First,Delhi Capitals,4 Wickets,Wickets,128,28,2023
League,Ravindra Jadeja, Chennai,Sunrisers Hyderabad,Chennai Super Kings,Chennai Super Kings,Field_First,Chennai Super Kings,7 Wickets,Wickets,135,29,2023
League,Mohit Sharma, Lucknow,Gujarat Titans,Lucknow Super Giants,Gujarat Titans,Bat_First,Gujarat Titans,7 Runs,Runs,136,30,2023
League,Sam Curran, Wankhede,Punjab Kings,Mumbai Indians,Mumbai Indians,Field_First,Punjab Kings,13 Runs,Runs,215,31,2023
League,Glenn Maxwell, Bengaluru,Royal Challengers Bangalore,Rajasthan Royals,Rajasthan Royals,Field_First,Royal Challengers Bangalore,7 Runs,Runs,190,32,2023
League,Ajinkya Rahane, Eden Gardens,Chennai Super Kings,Kolkata Knight Riders,Kolkata Knight Riders,Field_First,Chennai Super Kings,49 Runs,Runs,236,33,2023
League,Axar Patel, Hyderabad,Delhi Capitals,Sunrisers Hyderabad,Delhi Capitals,Bat_First,Delhi Capitals,7 Runs,Runs,145,34,2023
League,Abhinav Manohar, Ahmedabad,Gujarat Titans,Mumbai Indians,Mumbai Indians,Field_First,Gujarat Titans,55 Runs,Runs,208,35,2023
League,Varun Chakravarthy, Bengaluru,Kolkata Knight Riders,Royal Challengers Bangalore,Royal Challengers Bangalore,Field_First,Kolkata Knight Riders,21 Runs,Runs,201,36,2023
League,Yashasvi Jaiswal, Jaipur,Rajasthan Royals,Chennai Super Kings,Rajasthan Royals,Bat_First,Rajasthan Royals,32 Runs,Runs,203,37,2023
League,Marcus Stoinis, Mohali,Lucknow Super Giants,Punjab Kings,Punjab Kings,Field_First,Lucknow Super Giants,56 Runs,Runs,258,38,2023
League,Josh Little, Eden Gardens,Kolkata Knight Riders,Gujarat Titans,Gujarat Titans,Field_First,Gujarat Titans,7 Wickets,Wickets,180,39,2023
League,Mitchell Marsh, Delhi,Sunrisers Hyderabad,Delhi Capitals,Sunrisers Hyderabad,Bat_First,Sunrisers Hyderabad,9 Runs,Runs,198,40,2023
League,Devon Conway, Chennai,Chennai Super Kings,Punjab Kings,Chennai Super Kings,Bat_First,Punjab Kings,4 Wickets,Wickets,201,41,2023
League,Yashasvi Jaiswal, Wankhede,Rajasthan Royals,Mumbai Indians,Rajasthan Royals,Bat_First,Mumbai Indians,6 Wickets,Wickets,213,42,2023
League,Faf du Plessis, Lucknow,Royal Challengers Bangalore,Lucknow Super Giants,Royal Challengers Bangalore,Bat_First,Royal Challengers Bangalore,18 Runs,Runs,127,43,2023
League,Mohammed Shami, Ahmedabad,Delhi Capitals,Gujarat Titans,Delhi Capitals,Bat_First,Delhi Capitals,5 Runs,Runs,131,44,2023
League,Ishan Kishan, Mohali,Punjab Kings,Mumbai Indians,Mumbai Indians,Field_First,Mumbai Indians,6 Wickets,Wickets,215,45,2023
League,Varun Chakravarthy, Hyderabad,Kolkata Knight Riders,Sunrisers Hyderabad,Kolkata Knight Riders,Bat_First,Kolkata Knight Riders,5 Runs,Runs,172,46,2023
League,Rashid Khan, Jaipur,Rajasthan Royals,Gujarat Titans,Rajasthan Royals,Bat_First,Gujarat Titans,9 Wickets,Wickets,119,47,2023
League,Matheesha Pathirana, Chennai,Mumbai Indians,Chennai Super Kings,Chennai Super Kings,Field_First,Chennai Super Kings,6 Wickets,Wickets,140,48,2023
League,Phil Salt, Delhi,Royal Challengers Bangalore,Delhi Capitals,Royal Challengers Bangalore,Bat_First,Delhi Capitals,7 Wickets,Wickets,182,49,2023
League,Shubman Gill, Ahmedabad,Gujarat Titans,Lucknow Super Giants,Lucknow Super Giants,Field_First,Gujarat Titans,56 Runs,Runs,228,50,2023
League,Glenn Phillips, Jaipur,Rajasthan Royals,Sunrisers Hyderabad,Rajasthan Royals,Bat_First,Sunrisers Hyderabad,4 Wickets,Wickets,215,51,2023
League,Andre Russell, Eden Gardens,Punjab Kings,Kolkata Knight Riders,Punjab Kings,Bat_First,Kolkata Knight Riders,5 Wickets,Wickets,180,52,2023
League,Suryakumar Yadav, Wankhede,Royal Challengers Bangalore,Mumbai Indians,Mumbai Indians,Field_First,Mumbai Indians,6 Wickets,Wickets,200,53,2023
League,Ravindra Jadeja, Chennai,Chennai Super Kings,Delhi Capitals,Chennai Super Kings,Bat_First,Chennai Super Kings,27 Runs,Runs,168,54,2023
League,Yashasvi Jaiswal, Eden Gardens,Kolkata Knight Riders,Rajasthan Royals,Rajasthan Royals,Field_First,Rajasthan Royals,9 Wickets,Wickets,150,55,2023
League,Suryakumar Yadav, Wankhede,Mumbai Indians,Gujarat Titans,Gujarat Titans,Field_First,Mumbai Indians,27 Runs,Runs,219,56,2023
League,Prerak Mankad, Hyderabad,Sunrisers Hyderabad,Lucknow Super Giants,Sunrisers Hyderabad,Bat_First,Lucknow Super Giants,7 Wickets,Wickets,183,57,2023
League,Prabhsimran Singh, Delhi,Punjab Kings,Delhi Capitals,Delhi Capitals,Field_First,Punjab Kings,31 Runs,Runs,168,58,2023
League,Wayne Parnell, Jaipur,Royal Challengers Bangalore,Rajasthan Royals,Royal Challengers Bangalore,Bat_First,Royal Challengers Bangalore,112 Runs,Runs,172,59,2023
League,Rinku Singh, Chennai,Chennai Super Kings,Kolkata Knight Riders,Chennai Super Kings,Bat_First,Kolkata Knight Riders,6 Wickets,Wickets,145,60,2023
League,Shubman Gill, Ahmedabad,Gujarat Titans,Sunrisers Hyderabad,Sunrisers Hyderabad,Field_First,Gujarat Titans,34 Runs,Runs,189,61,2023
League,Marcus Stoinis, Lucknow,Lucknow Super Giants,Mumbai Indians,Mumbai Indians,Field_First,Lucknow Super Giants,5 Runs,Runs,178,62,2023
League,Rilee Rossouw, Dharamsala,Delhi Capitals,Punjab Kings,Punjab Kings,Field_First,Delhi Capitals,15 Runs,Runs,214,63,2023
League,Virat Kohli, Hyderabad,Sunrisers Hyderabad,Royal Challengers Bangalore,Royal Challengers Bangalore,Field_First,Royal Challengers Bangalore,8 Wickets,Wickets,187,64,2023
League,Devdutt Padikkal, Dharamsala,Punjab Kings,Rajasthan Royals,Rajasthan Royals,Field_First,Rajasthan Royals,4 Wickets,Wickets,188,65,2023
League,Ruturaj Gaikwad, Delhi,Chennai Super Kings,Delhi Capitals,Chennai Super Kings,Bat_First,Chennai Super Kings,77 Runs,Runs,224,66,2023
League,Nicholas Pooran, Eden Gardens,Lucknow Super Giants,Kolkata Knight Riders,Kolkata Knight Riders,Field_First,Lucknow Super Giants,1 Runs,Runs,177,67,2023
League,Cameron Green, Wankhede,Sunrisers Hyderabad,Mumbai Indians,Mumbai Indians,Field_First,Mumbai Indians,8 Wickets,Wickets,201,68,2023
League,Shubman Gill, Bengaluru,Royal Challengers Bangalore,Gujarat Titans,Gujarat Titans,Field_First,Gujarat Titans,6 Wickets,Wickets,198,69,2023
Qualifier 1,Ruturaj Gaikwad, Chennai,Chennai Super Kings,Gujarat Titans,Gujarat Titans,Field_First,Chennai Super Kings,15 Runs,Runs,173,70,2023
Eliminator,Akash Madhwal, Chennai,Mumbai Indians,Lucknow Super Giants,Mumbai Indians,Bat_First,Mumbai Indians,81 Runs,Runs,183,71,2023
Qualifier 2,Shubman Gill, Ahmedabad,Gujarat Titans,Mumbai Indians,Mumbai Indians,Field_First,Gujarat Titans,62 Runs,Runs,234,72,2023
Final,Sai Sudharsan, Ahmedabad,Gujarat Titans,Chennai Super Kings,Chennai Super Kings,Field_First,Gujarat Titans,43 Runs,Runs,215,73,2023
League,Mustafizur Rahman, Chennai,Royal Challengers Bengaluru,Chennai Super Kings,Royal Challengers Bengaluru,Bat_First,Chennai Super Kings,6 Wickets,Wickets,174,1,2024
League,Sam Curran, Mullanpur,Delhi Capitals,Punjab Kings,Punjab Kings,Field_First,Punjab Kings,4 Wickets,Wickets,175,2,2024
League,Andre Russell, Eden Gardens,Kolkata Knight Riders,Sunrisers Hyderabad,Sunrisers Hyderabad,Field_First,Kolkata Knight Riders,4 Runs,Runs,209,3,2024
League,Sanju Samson, Jaipur,Rajasthan Royals,Lucknow Super Giants,Rajasthan Royals,Bat_First,Rajasthan Royals,20 Runs,Runs,194,4,2024
League,Sai Sudharsan, Ahmedabad,Gujarat Titans,Mumbai Indians,Mumbai Indians,Field_First,Gujarat Titans,6 Runs,Runs,169,5,2024
League,Virat Kohli, Bengaluru,Punjab Kings,Royal Challengers Bengaluru,Royal Challengers Bengaluru,Field_First,Royal Challengers Bengaluru,4 Wickets,Wickets,177,6,2024
League,Shivam Dube, Chennai,Chennai Super Kings,Gujarat Titans,Gujarat Titans,Field_First,Chennai Super Kings,63 Runs,Runs,207,7,2024
League,Abhishek Sharma, Hyderabad,Sunrisers Hyderabad,Mumbai Indians,Mumbai Indians,Field_First,Sunrisers Hyderabad,31 Runs,Runs,278,8,2024
League,Riyan Parag, Jaipur,Rajasthan Royals,Delhi Capitals,Delhi Capitals,Field_First,Rajasthan Royals,12 Runs,Runs,186,9,2024
League,Sunil Narine, Bengaluru,Royal Challengers Bengaluru,Kolkata Knight Riders,Kolkata Knight Riders,Field_First,Kolkata Knight Riders,7 Wickets,Wickets,183,10,2024
League,Mayank Yadav, Lucknow,Lucknow Super Giants,Punjab Kings,Lucknow Super Giants,Bat_First,Lucknow Super Giants,21 Runs,Runs,200,11,2024
League,Mohit Sharma, Ahmedabad,Sunrisers Hyderabad,Gujarat Titans,Sunrisers Hyderabad,Bat_First,Gujarat Titans,7 Wickets,Wickets,163,12,2024
League,Khaleel Ahmed, Visakhapatnam,Delhi Capitals,Chennai Super Kings,Delhi Capitals,Bat_First,Delhi Capitals,20 Runs,Runs,192,13,2024
League,Trent Boult, Wankhede,Mumbai Indians,Rajasthan Royals,Rajasthan Royals,Field_First,Rajasthan Royals,6 Wickets,Wickets,126,14,2024
League,Mayank Yadav, Bengaluru,Lucknow Super Giants,Royal Challengers Bengaluru,Royal Challengers Bengaluru,Field_First,Lucknow Super Giants,28 Runs,Runs,182,15,2024
League,Sunil Narine, Visakhapatnam,Kolkata Knight Riders,Delhi Capitals,Kolkata Knight Riders,Bat_First,Kolkata Knight Riders,106 Runs,Runs,273,16,2024
League,Shashank Singh, Ahmedabad,Gujarat Titans,Punjab Kings,Punjab Kings,Field_First,Punjab Kings,3 Wickets,Wickets,200,17,2024
League,Abhishek Sharma, Hyderabad,Chennai Super Kings,Sunrisers Hyderabad,Sunrisers Hyderabad,Field_First,Sunrisers Hyderabad,6 Wickets,Wickets,166,18,2024
League,Jos Buttler, Jaipur,Royal Challengers Bengaluru,Rajasthan Royals,Rajasthan Royals,Field_First,Rajasthan Royals,6 Wickets,Wickets,184,19,2024
League,Romario Shepherd, Wankhede,Mumbai Indians,Delhi Capitals,Delhi Capitals,Field_First,Mumbai Indians,29 Runs,Runs,235,20,2024
League,Yash Thakur, Lucknow,Lucknow Super Giants,Gujarat Titans,Lucknow Super Giants,Bat_First,Lucknow Super Giants,33 Runs,Runs,164,21,2024
League,Ravindra Jadeja, Chennai,Kolkata Knight Riders,Chennai Super Kings,Chennai Super Kings,Field_First,Chennai Super Kings,7 Wickets,Wickets,138,22,2024
League,Nitish Kumar Reddy, Mullanpur,Sunrisers Hyderabad,Punjab Kings,Punjab Kings,Field_First,Sunrisers Hyderabad,2 Runs,Runs,183,23,2024
League,Rashid Khan, Jaipur,Rajasthan Royals,Gujarat Titans,Gujarat Titans,Field_First,Gujarat Titans,3 Wickets,Wickets,197,24,2024
League,Jasprit Bumrah, Wankhede,Royal Challengers Bengaluru,Mumbai Indians,Mumbai Indians,Field_First,Mumbai Indians,7 Wickets,Wickets,197,25,2024
League,Kuldeep Yadav, Lucknow,Lucknow Super Giants,Delhi Capitals,Lucknow Super Giants,Bat_First,Delhi Capitals,6 Wickets,Wickets,168,26,2024
League,Shimron Hetmyer, Mullanpur,Punjab Kings,Rajasthan Royals,Rajasthan Royals,Field_First,Rajasthan Royals,3 Wickets,Wickets,148,27,2024
League,Phil Salt, Eden Gardens,Lucknow Super Giants,Kolkata Knight Riders,Kolkata Knight Riders,Field_First,Kolkata Knight Riders,8 Wickets,Wickets,162,28,2024
League,Matheesha Pathirana, Wankhede,Chennai Super Kings,Mumbai Indians,Mumbai Indians,Field_First,Chennai Super Kings,20 Runs,Runs,207,29,2024
League,Travis Head, Bengaluru,Sunrisers Hyderabad,Royal Challengers Bengaluru,Royal Challengers Bengaluru,Field_First,Sunrisers Hyderabad,25 Runs,Runs,288,30,2024
League,Jos Buttler, Eden Gardens,Kolkata Knight Riders,Rajasthan Royals,Rajasthan Royals,Field_First,Rajasthan Royals,2 Wickets,Wickets,224,31,2024
League,Rishabh Pant, Ahmedabad,Gujarat Titans,Delhi Capitals,Delhi Capitals,Field_First,Delhi Capitals,6 Wickets,Wickets,90,32,2024
League,Jasprit Bumrah, Mullanpur,Mumbai Indians,Punjab Kings,Punjab Kings,Field_First,Mumbai Indians,9 Runs,Runs,193,33,2024
League,KL Rahul, Lucknow,Chennai Super Kings,Lucknow Super Giants,Lucknow Super Giants,Field_First,Lucknow Super Giants,8 Wickets,Wickets,177,34,2024
League,Travis Head, Delhi,Sunrisers Hyderabad,Delhi Capitals,Delhi Capitals,Field_First,Sunrisers Hyderabad,67 Runs,Runs,267,35,2024
League,Andre Russell, Eden Gardens,Kolkata Knight Riders,Royal Challengers Bengaluru,Royal Challengers Bengaluru,Field_First,Kolkata Knight Riders,1 Runs,Runs,223,36,2024
League,Sai Kishore, Mullanpur,Punjab Kings,Gujarat Titans,Punjab Kings,Bat_First,Gujarat Titans,3 Wickets,Wickets,143,37,2024
League,Sandeep Sharma, Jaipur,Mumbai Indians,Rajasthan Royals,Mumbai Indians,Bat_First,Rajasthan Royals,9 Wickets,Wickets,180,38,2024
League,Marcus Stoinis, Chennai,Chennai Super Kings,Lucknow Super Giants,Lucknow Super Giants,Field_First,Lucknow Super Giants,6 Wickets,Wickets,211,39,2024
League,Rishabh Pant, Delhi,Delhi Capitals,Gujarat Titans,Gujarat Titans,Field_First,Delhi Capitals,4 Runs,Runs,225,40,2024
League,Rajat Patidar, Hyderabad,Royal Challengers Bengaluru,Sunrisers Hyderabad,Royal Challengers Bengaluru,Bat_First,Royal Challengers Bengaluru,35 Runs,Runs,207,41,2024
League,Jonny Bairstow, Eden Gardens,Kolkata Knight Riders,Punjab Kings,Punjab Kings,Field_First,Punjab Kings,8 Wickets,Wickets,262,42,2024
League,Jake Fraser-McGurk, Delhi,Delhi Capitals,Mumbai Indians,Mumbai Indians,Field_First,Delhi Capitals,10 Runs,Runs,258,43,2024
League,Sanju Samson, Lucknow,Lucknow Super Giants,Rajasthan Royals,Rajasthan Royals,Field_First,Rajasthan Royals,7 Wickets,Wickets,197,44,2024
League,Will Jacks, Ahmedabad,Gujarat Titans,Royal Challengers Bengaluru,Royal Challengers Bengaluru,Field_First,Royal Challengers Bengaluru,9 Wickets,Wickets,201,45,2024
League,Ruturaj Gaikwad, Chennai,Chennai Super Kings,Sunrisers Hyderabad,Sunrisers Hyderabad,Field_First,Chennai Super Kings,78 Runs,Runs,213,46,2024
League,Varun Chakravarthy, Eden Gardens,Delhi Capitals,Kolkata Knight Riders,Delhi Capitals,Bat_First,Kolkata Knight Riders,7 Wickets,Wickets,154,47,2024
League,Marcus Stoinis, Lucknow,Mumbai Indians,Lucknow Super Giants,Lucknow Super Giants,Field_First,Lucknow Super Giants,4 Wickets,Wickets,145,48,2024
League,Harpreet Brar, Chennai,Chennai Super Kings,Punjab Kings,Punjab Kings,Field_First,Punjab Kings,7 Wickets,Wickets,163,49,2024
League,Bhuvneshwar Kumar, Hyderabad,Sunrisers Hyderabad,Rajasthan Royals,Sunrisers Hyderabad,Bat_First,Sunrisers Hyderabad,1 Runs,Runs,202,50,2024
League,Venkatesh Iyer, Wankhede,Kolkata Knight Riders,Mumbai Indians,Mumbai Indians,Field_First,Kolkata Knight Riders,24 Runs,Runs,170,51,2024
League,Mohammed Siraj, Bengaluru,Gujarat Titans,Royal Challengers Bengaluru,Royal Challengers Bengaluru,Field_First,Royal Challengers Bengaluru,4 Wickets,Wickets,148,52,2024
League,Ravindra Jadeja, Dharamsala,Chennai Super Kings,Punjab Kings,Punjab Kings,Field_First,Chennai Super Kings,28 Runs,Runs,168,53,2024
League,Sunil Narine, Lucknow,Kolkata Knight Riders,Lucknow Super Giants,Lucknow Super Giants,Field_First,Kolkata Knight Riders,98 Runs,Runs,236,54,2024
League,Suryakumar Yadav, Wankhede,Sunrisers Hyderabad,Mumbai Indians,Mumbai Indians,Field_First,Mumbai Indians,7 Wickets,Wickets,174,55,2024
League,Kuldeep Yadav, Delhi,Delhi Capitals,Rajasthan Royals,Rajasthan Royals,Field_First,Delhi Capitals,20 Runs,Runs,222,56,2024
League,Travis Head, Hyderabad,Lucknow Super Giants,Sunrisers Hyderabad,Lucknow Super Giants,Bat_First,Sunrisers Hyderabad,10 Wickets,Wickets,166,57,2024
League,Virat Kohli, Dharamsala,Royal Challengers Bengaluru,Punjab Kings,Punjab Kings,Field_First,Royal Challengers Bengaluru,60 Runs,Runs,242,58,2024
League,Shubman Gill, Ahmedabad,Gujarat Titans,Chennai Super Kings,Chennai Super Kings,Field_First,Gujarat Titans,35 Runs,Runs,232,59,2024
League,Varun Chakravarthy, Eden Gardens,Kolkata Knight Riders,Mumbai Indians,Mumbai Indians,Field_First,Kolkata Knight Riders,18 Runs,Runs,158,60,2024
League,Simarjeet Singh, Chennai,Rajasthan Royals,Chennai Super Kings,Rajasthan Royals,Bat_First,Chennai Super Kings,5 Wickets,Wickets,142,61,2024
League,Cameron Green, Bengaluru,Royal Challengers Bengaluru,Delhi Capitals,Delhi Capitals,Field_First,Royal Challengers Bengaluru,47 Runs,Runs,188,62,2024
League,Ishant Sharma, Delhi,Delhi Capitals,Lucknow Super Giants,Lucknow Super Giants,Field_First,Delhi Capitals,19 Runs,Runs,209,63,2024
League,Sam Curran, Guwahati,Rajasthan Royals,Punjab Kings,Rajasthan Royals,Bat_First,Punjab Kings,5 Wickets,Wickets,145,64,2024
League,Nicholas Pooran, Wankhede,Lucknow Super Giants,Mumbai Indians,Mumbai Indians,Field_First,Lucknow Super Giants,18 Runs,Runs,215,65,2024
League,Faf du Plessis, Bengaluru,Royal Challengers Bengaluru,Chennai Super Kings,Chennai Super Kings,Field_First,Royal Challengers Bengaluru,27 Runs,Runs,219,66,2024
League,Abhishek Sharma, Hyderabad,Punjab Kings,Sunrisers Hyderabad,Punjab Kings,Bat_First,Sunrisers Hyderabad,4 Wickets,Wickets,215,67,2024
Qualifier 1,Mitchell Starc, Ahmedabad,Sunrisers Hyderabad,Kolkata Knight Riders,Sunrisers Hyderabad,Bat_First,Kolkata Knight Riders,8 Wickets,Wickets,160,68,2024
Eliminator,Ravichandran Ashwin, Ahmedabad,Royal Challengers Bengaluru,Rajasthan Royals,Rajasthan Royals,Field_First,Rajasthan Royals,4 Wickets,Wickets,173,69,2024
Qualifier 2,Shahbaz Ahmed, Chennai,Sunrisers Hyderabad,Rajasthan Royals,Rajasthan Royals,Field_First,Sunrisers Hyderabad,36 Runs,Runs,176,70,2024
Final,Mitchell Starc, Chennai,Sunrisers Hyderabad,Kolkata Knight Riders,Sunrisers Hyderabad,Bat_First,Kolkata Knight Riders,8 Wickets,Wickets,114,71,2024
